﻿Chile Name,Lower Bound of Heat Level (Scoville Heat Units),Middle of Heat Level (Scoville Heat Units),Upper Bound of Heat Level (Scoville Heat Units)
Aji,50000,75000,100000
Anaheim,100,550,1000
Anaheim,1000,1250,1500
Ancho,1500,2000,2500
Big Jim,100,550,1000
Birds Eye,350000,602500,855000
Bohemian,100000,225000,350000
Carolina Reaper,800000,2000000,3200000
Cayenne,50000,75000,100000
Cherry,100,550,1000
Chile De Arbol,30000,40000,50000
Chiltepin,100000,225000,350000
Chipotle,15000,22500,30000
Chocolate Habanero,350000,602500,855000
Coronado,1000,1250,1500
Datili,350000,602500,855000
Devil Toung,350000,602500,855000
Dragon's Breath,800000,2000000,3200000
El Paso,100,550,1000
Espanola,1500,2000,2500
Fatali,350000,602500,855000
Ghost Pepper (Bhut Jolokia aka Naga Jolokia),855000,1477500,2100000
Guajillo,5000,10000,15000
Haimen,100000,225000,350000
Hatch Green,2000,3500,5000
Hidalgo,15000,22500,30000
Hot Wax,15000,22500,30000
Indian Tezpur,350000,602500,855000
Jalapeno,5000,10000,15000
Jaloro,50000,75000,100000
Jamaican Hot,350000,602500,855000
Kumataka,350000,602500,855000
Malagueta,10000,55000,100000
Manzano,30000,40000,50000
Mexi-Bell,100,550,1000
Mirasol,5000,10000,15000
Mulato,1500,2000,2500
Mumex Big Jim,1000,1250,1500
New Mexica,100,550,1000
New Mexico,100,550,1000
Orange Habanero,350000,602500,855000
Pasilla,1500,2000,2500
Peperonicini,100,550,1000
Pepper X,800000,2000000,3200000
Pequin,50000,75000,100000
Pimento,0,50,100
Poblano,1500,2000,2500
Pulla,1500,2000,2500
Puya,15000,22500,30000
Red Savina Habanero,350000,602500,855000
Rocotillo,2500,3750,5000
Sangria,1000,1250,1500
Santa Fe Grande,100,550,1000
Santaka,50000,75000,100000
Scotch Bonnet,350000,602500,855000
Serrano,5000,10000,15000
Super Chile,50000,75000,100000
Sweet Banana,0,50,100
Sweet Bell,0,50,100
Tabiche,100000,225000,350000
Tepin,100000,225000,350000
Thai,100000,225000,350000
Tobasco,50000,75000,100000
Trinidad Moruga Scorpion,855000,1477500,2100000
Yatsufusa,100000,225000,350000
Yellow Wax,5000,10000,15000